"","total_cont","total_cust","zip_code","lat","long"
"1",410,6,NA,NA,NA
"2",850,3,0,NA,NA
"3",10,1,1720,42.477142,-71.4422
"4",650,4,1845,42.683841,-71.11171
"5",50,2,1921,42.677869,-71.00844
"6",25,1,2026,42.244609,-71.16553
"7",6440,6,2111,42.349838,-71.06101
"8",25,1,2113,42.365028,-71.05636
"9",175,4,2139,42.364347,-71.10431
"10",230,2,2140,42.393327,-71.12837
"11",100,1,2151,42.416247,-71.00525
"12",400,2,2155,42.419846,-71.10942
"13",25,3,2446,42.344747,-71.12141
"14",950,5,2903,41.8208,-71.41306
"15",10,1,3053,42.880481,-71.38205
"16",25,1,3116,NA,NA
"17",25,1,3908,43.234782,-70.77876
"18",100,2,4071,43.917206,-70.47233
"19",25,1,6010,41.682249,-72.93365
"20",50,2,6029,41.909147,-72.45026
"21",25,1,6040,41.778888,-72.52384
"22",25,1,6071,41.995851,-72.45336
"23",25,1,6232,41.737015,-72.37151
"24",50,2,6235,41.809166,-72.11274
"25",75,1,6241,41.850225,-71.85749
"26",25,1,6247,41.767929,-72.06127
"27",25,1,6410,41.507049,-72.90489
"28",250,5,6492,41.457711,-72.81704
"29",25,1,6830,41.03073,-73.62985
"30",25,1,6851,41.134896,-73.4053
"31",25,1,6897,41.201446,-73.43758
"32",20,1,6903,41.132096,-73.56423
"33",50,2,7030,40.744851,-74.03294
"34",25,1,7208,40.673102,-74.22834
"35",500,2,7419,41.156187,-74.57094
"36",75,1,7740,40.297932,-73.99097
"37",50,2,7823,40.82383,-75.04585
"38",50,1,7922,40.675112,-74.43459
"39",135,3,8012,39.784614,-75.05678
"40",25,1,8077,39.997379,-74.99805
"41",25,1,8230,39.20877,-74.70438
"42",100,1,8520,40.262809,-74.53246
"43",6250,13,8648,40.276782,-74.72951
"44",500,1,8822,40.515645,-74.85319
"45",100,1,8857,40.397507,-74.3298
"46",25,1,10000,NA,NA
"47",25,1,10013,40.720666,-74.00526
"48",100,1,10019,40.765714,-73.9856
"49",175,6,10024,40.786387,-73.97709
"50",100,1,10028,40.776777,-73.9541
"51",25,1,10128,40.781894,-73.95039
"52",8.5,1,11103,40.762968,-73.91091
"53",25,1,11203,40.649059,-73.93304
"54",25,1,11223,40.598142,-73.97229
"55",25,1,11400,NA,NA
"56",25,1,11545,40.823957,-73.60415
"57",10,1,11720,40.868946,-73.08009
"58",25,1,11777,40.946103,-73.06222
"59",150,6,11804,40.765378,-73.45781
"60",35,1,12312,NA,NA
"61",25,1,13413,43.067169,-75.28767
"62",50,1,14226,42.968057,-78.80047
"63",80,5,14424,42.85297,-77.29466
"64",5,1,14534,43.071131,-77.51181
"65",100,1,14817,42.368,-76.35407
"66",9011,100,15001,40.603966,-80.28776
"67",2036,48,15003,40.593917,-80.22181
"68",50,2,15004,40.341487,-80.38408
"69",1800.71,40,15005,40.641066,-80.20599
"70",25,1,15006,40.630894,-79.88057
"71",1355,16,15007,40.652311,-79.93303
"72",4565,70,15009,40.695281,-80.3299
"73",5334.5,88,15010,40.763899,-80.33572
"74",6079.5,90,15012,40.140248,-79.84251
"75",1890,15,15014,40.608403,-79.74234
"76",1895,32,15015,40.635147,-80.08369
"77",12674.75,128,15017,40.351802,-80.11534
"78",200,6,15019,40.417545,-80.33625
"79",2210,46,15021,40.383884,-80.41364
"80",3400,37,15022,40.136537,-79.91321
"81",14304.25,75,15024,40.569723,-79.83242
"82",30618,144,15025,40.292974,-79.90179
"83",3660,26,15026,40.508376,-80.35953
"84",285,5,15027,40.663816,-80.23494
"85",50,2,15030,40.583218,-79.77947
"86",1230,25,15033,40.176375,-79.86138
"87",25,1,15035,40.384223,-79.80792
"88",7978.5,61,15037,40.258438,-79.85946
"89",100,2,15038,40.251586,-79.92474
"90",4673.25,75,15042,40.682566,-80.23208
"91",1069.96,11,15043,40.582316,-80.50182
"92",118012.42,498,15044,40.631011,-79.95766
"93",115,5,15045,40.326919,-79.88869
"94",300,3,15046,40.558477,-80.2261
"95",50,2,15049,40.555627,-79.8064
"96",425,11,15050,40.557889,-80.44529
"97",25,1,15051,40.565907,-79.85848
"98",210,2,15053,40.379884,-80.36087
"99",2136,23,15055,40.304019,-80.12246
"100",40,2,15056,40.565367,-80.20977
"101",5656,66,15057,40.357286,-80.23629
"102",50,2,15059,40.649081,-80.47218
"103",530,17,15060,40.368154,-80.2924
"104",5190,37,15061,40.677132,-80.28881
"105",50,1,15062,40.154271,-79.88277
"106",12805,68,15063,40.196694,-79.92642
"107",8040,67,15065,40.628522,-79.72566
"108",2330,40,15066,40.73998,-80.29472
"109",700,9,15067,40.207526,-79.95304
"110",16434.75,165,15068,40.571108,-79.74226
"111",8400,101,15071,40.420319,-80.18692
"112",545,20,15074,40.708166,-80.2735
"113",4306,45,15084,40.61357,-79.78095
"114",2917.5,45,15085,40.386968,-79.74467
"115",10,1,15086,40.661431,-80.09304
"116",1180,15,15089,40.211895,-79.75483
"117",79070.01,489,15090,40.617016,-80.05916
"118",46839.43,444,15101,40.570915,-79.96033
"119",22695.39,319,15102,40.324535,-80.03864
"120",250,4,15104,40.404743,-79.86439
"121",18982.5,170,15106,40.404119,-80.09014
"122",36739,343,15108,40.500665,-80.18464
"123",530,16,15110,40.369969,-79.85095
"124",125,5,15112,40.399436,-79.83794
"125",16404.98,141,15116,40.533806,-79.96303
"126",6678,95,15120,40.395336,-79.90635
"127",2111,62,15122,40.366177,-79.89418
"128",2958,42,15126,40.454423,-80.26324
"129",200,5,15127,40.434436,-80.024817
"130",7810,96,15129,40.289752,-80.00756
"131",2485,40,15131,40.341469,-79.81105
"132",2110,29,15132,40.341919,-79.84791
"133",2356.25,34,15133,40.332502,-79.8646
"134",3760,26,15134,40.434436,-80.024817
"135",355,10,15135,40.306819,-79.8145
"136",49651.5,177,15136,40.471618,-80.07695
"137",7150,134,15137,40.380219,-79.81017
"138",20231,145,15139,40.519518,-79.83762
"139",16660,84,15142,40.379549,-80.12451
"140",211558.29,648,15143,40.561091,-80.15554
"141",2455,22,15144,40.543053,-79.78223
"142",1795,26,15145,40.408218,-79.82339
"143",31537.06,238,15146,40.431034,-79.76526
"144",31790.5,254,15147,40.498218,-79.83426
"145",6745,99,15201,40.471468,-79.95726
"146",40040.14,261,15202,40.502918,-80.0704
"147",4619,59,15203,40.426211,-79.97826
"148",1216.5,36,15204,40.455118,-80.06008
"149",16072.25,178,15205,40.436618,-80.07289
"150",46616,224,15206,40.468968,-79.91863
"151",1290.5,32,15207,40.399355,-79.93414
"152",12136,95,15208,40.455168,-79.89709
"153",8904.5,91,15209,40.492618,-79.97458
"154",5043.5,93,15210,40.409219,-79.98948
"155",40998.25,159,15211,40.428369,-80.01269
"156",68823.69,198,15212,40.460669,-80.01144
"157",67709.42,232,15213,40.443269,-79.95487
"158",2363,43,15214,40.479469,-80.0115
"159",121369.98,328,15215,40.497701,-79.9157
"160",15778.5,225,15216,40.400319,-80.03566
"161",57082.66,479,15217,40.430919,-79.92569
"162",7518.3,119,15218,40.424336,-79.88725
"163",8715,63,15219,40.443819,-79.98067
"164",14638.14,198,15220,40.430822,-80.04453
"165",14132,218,15221,40.438035,-79.87191
"166",3487539.36,530,15222,40.447036,-79.99313
"167",5130.5,46,15223,40.503768,-79.95164
"168",2220,54,15224,40.463463,-79.94612
"169",56.5,4,15225,40.513778,-80.13571
"170",6607.36,111,15226,40.394002,-80.01655
"171",10791.25,194,15227,40.377869,-79.97516
"172",108008.3,389,15228,40.372802,-80.0448
"173",43809,221,15229,40.518368,-80.03364
"174",91679.06,245,15232,40.454018,-79.9325
"175",820,14,15233,40.455919,-80.02604
"176",8542.5,117,15234,40.369619,-80.01831
"177",32479.85,230,15235,40.459518,-79.83277
"178",35458.33,345,15236,40.342869,-79.97929
"179",76375.5,694,15237,40.552768,-80.03227
"180",97558.37,453,15238,40.518701,-79.86744
"181",16097.5,194,15239,40.482655,-79.74278
"182",56416.75,469,15241,40.329619,-80.07364
"183",255800.5,368,15243,40.372669,-80.0712
"184",112500,11,15272,40.434436,-80.024817
"185",36347.5,277,15301,40.170663,-80.25185
"186",5675,13,15312,40.264217,-80.44199
"187",520,9,15314,40.127951,-80.01226
"188",87881.75,473,15317,40.26819,-80.16222
"189",720,12,15320,39.883336,-79.98393
"190",475,6,15321,40.322872,-80.18745
"191",325,11,15323,40.114204,-80.40715
"192",4160,64,15330,40.178679,-80.10014
"193",4172.12,52,15332,40.250299,-79.99436
"194",408,6,15333,40.010135,-80.00537
"195",500,8,15338,39.809161,-79.93793
"196",1690,21,15340,40.290375,-80.31845
"197",1642,25,15342,40.241854,-80.21445
"198",50,1,15345,40.019657,-80.10273
"199",35,1,15346,39.935562,-80.07248
"200",100,1,15347,40.214331,-80.22872
"201",125,3,15357,39.942802,-79.99612
"202",275,7,15358,40.05604,-79.9981
"203",25,1,15360,40.08708,-80.07316
"204",1040,18,15366,40.110068,-80.031787
"205",19731.25,78,15367,40.261394,-80.05254
"206",3877,49,15370,39.892235,-80.17983
"207",3575,43,15401,39.89822,-79.7311
"208",25,1,15410,39.918848,-79.90832
"209",750,8,15411,39.751296,-79.35113
"210",85,3,15412,40.100345,-79.846
"211",865,26,15417,40.01933,-79.89869
"212",2001,33,15419,40.063977,-79.89261
"213",25,1,15421,39.845088,-79.599126
"214",200,5,15423,40.082073,-79.91911
"215",1900,18,15425,40.024138,-79.58414
"216",120,2,15428,40.060912,-79.65886
"217",50,2,15431,39.968368,-79.61815
"218",1075,8,15432,40.117368,-79.86413
"219",10,1,15438,40.093982,-79.83787
"220",25,1,15440,39.72974,-79.59124
"221",140,5,15442,40.013397,-79.83113
"222",50,1,15450,40.00666,-79.96943
"223",1200,21,15456,39.923495,-79.66014
"224",5,1,15458,39.879185,-79.8618
"225",25,1,15461,39.847077,-79.90196
"226",420,11,15463,39.882521,-79.833585
"227",35370,20,15465,39.932084,-79.65217
"228",130,6,15467,39.932084,-79.65217
"229",5.5,1,15470,39.854144,-79.52989
"230",1200,20,15473,40.080727,-79.75697
"231",245,9,15474,39.74419,-79.90126
"232",25,1,15475,39.964486,-79.87846
"233",1035.5,23,15477,40.079169,-79.86448
"234",525,7,15479,40.148576,-79.72573
"235",700,15,15482,40.062849,-79.76338
"236",250,1,15486,40.034355,-79.6819
"237",2048,31,15501,40.02847,-79.1105
"238",2446,34,15522,39.998096,-78.52204
"239",410,6,15530,39.937504,-78.94183
"240",200,5,15531,40.173782,-79.0629
"241",530,8,15537,40.003997,-78.36456
"242",100,1,15541,40.053525,-78.99023
"243",6585,32,15552,39.805436,-79.00013
"244",125,3,15554,40.121392,-78.5877
"245",25,1,15563,40.099003,-78.94801
"246",69637,328,15601,40.298765,-79.54126
"247",230,2,15610,40.138405,-79.42425
"248",1120,20,15613,40.560849,-79.57544
"249",850,4,15622,40.038201,-79.30426
"250",25,1,15625,40.267005,-79.67427
"251",3094.75,67,15626,40.409992,-79.57266
"252",330,10,15627,40.339547,-79.30172
"253",25,1,15631,40.090582,-79.58704
"254",10328.56,82,15632,40.430632,-79.61837
"255",770,23,15636,40.359353,-79.65576
"256",150,2,15639,40.201398,-79.60071
"257",100,2,15641,40.631729,-79.58961
"258",43934.75,255,15642,40.325902,-79.71324
"259",8854,77,15644,40.329238,-79.61469
"260",25,1,15647,40.344319,-79.72574
"261",10781,134,15650,40.299646,-79.38845
"262",25,1,15655,40.202095,-79.19266
"263",2105,24,15656,40.63071,-79.61381
"264",31170,38,15658,40.247351,-79.22882
"265",130,3,15665,40.333339,-79.66646
"266",1360.95,39,15666,40.150143,-79.52492
"267",25421.6,314,15668,40.451664,-79.67948
"268",6126,21,15670,40.408295,-79.43967
"269",1025,5,15672,40.231003,-79.61611
"270",50,2,15673,40.593301,-79.55779
"271",23.75,1,15675,40.330326,-79.64061
"272",200,2,15676,40.243195,-79.45737
"273",1665,9,15677,40.175368,-79.23651
"274",1625,10,15681,40.500852,-79.4463
"275",1850,17,15682,40.847829,-79.451575
"276",25,1,15683,40.103791,-79.59396
"277",706.51,18,15684,40.463572,-79.51475
"278",150,6,15686,40.608969,-79.42092
"279",75,2,15688,40.172199,-79.59265
"280",120,4,15690,40.612649,-79.56708
"281",50,1,15696,40.279151,-79.36465
"282",250,3,15697,40.238134,-79.58172
"283",5255,84,15701,40.626307,-79.16146
"284",25,1,15714,40.662676,-78.7936
"285",480,11,15717,40.446361,-79.24611
"286",75,2,15720,40.529238,-79.0846
"287",1000,8,15739,40.677609,-79.16422
"288",1419.9,12,15747,40.763402,-79.14759
"289",75,2,15748,40.529621,-79.14264
"290",1800,18,15759,40.771687,-79.04221
"291",920,19,15767,40.954059,-78.97017
"292",275,7,15774,40.657804,-79.3328
"293",290,12,15801,41.125563,-78.74648
"294",1015,5,15824,41.241861,-78.80577
"295",944.25,22,15825,41.160579,-79.06479
"296",600,3,15828,41.34149,-79.13567
"297",25,1,15834,41.517738,-78.25309
"298",20,1,15840,41.160521,-78.81129
"299",20,1,15846,41.337926,-78.61075
"300",160,6,15851,41.095493,-78.88994
"301",100,3,15853,41.420778,-78.74776
"302",3148.25,35,15857,41.4376,-78.54272
"303",1805,40,15904,40.289442,-78.86612
"304",8077.5,116,15905,40.302374,-78.93802
"305",1120,22,15906,40.348973,-78.94132
"306",185,7,15907,40.325374,-78.915147
"307",603,14,15909,40.36344,-78.87674
"308",50,1,15921,40.319561,-78.694043
"309",90,4,15928,40.23741,-78.92978
"310",310,13,15931,40.498793,-78.74591
"311",50,2,15935,40.212192,-78.95052
"312",75,3,15942,40.402861,-78.83563
"313",25,1,15943,40.474488,-78.84402
"314",325,12,15944,40.371165,-79.0772
"315",2905,24,15946,40.384718,-78.6651
"316",20,1,15955,40.324295,-78.7063
"317",575,9,15956,40.358541,-78.78201
"318",100,2,15957,40.536405,-78.89205
"319",25,1,15958,40.381332,-78.7433
"320",165,4,15963,40.228222,-78.81978
"321",16033.5,110,16001,40.877664,-79.9113
"322",5086,65,16002,40.818663,-79.86119
"323",100,1,16003,40.921145,-79.92758
"324",100,2,16020,41.10936,-79.90816
"325",370,9,16023,40.796809,-79.75147
"326",355,15,16025,40.947245,-79.75428
"327",25,1,16029,40.877703,-79.84392
"328",1049.44,16,16033,40.789672,-80.04848
"329",125,5,16034,40.868261,-79.72506
"330",6970.44,56,16037,40.821535,-80.13033
"331",45,3,16040,41.098857,-79.84091
"332",10,1,16045,40.85062,-79.91314
"333",244437.5,263,16046,40.695658,-80.03359
"334",35,1,16049,41.097836,-79.66317
"335",225,6,16051,40.953141,-80.14799
"336",1475,18,16052,40.898789,-80.06125
"337",805,28,16053,40.808934,-79.97811
"338",2550,24,16055,40.713078,-79.73603
"339",1110,17,16056,40.732393,-79.83422
"340",1822.5,41,16057,41.047157,-80.05506
"341",4415,62,16059,40.702289,-79.93733
"342",11503,72,16063,40.783001,-80.13343
"343",38543.53,320,16066,40.700423,-80.11374
"344",820,21,16101,40.992023,-80.32747
"345",900,15,16102,40.970991,-80.38291
"346",760,19,16105,41.038205,-80.34539
"347",386,10,16115,40.802863,-80.44364
"348",150,6,16116,41.025132,-80.45756
"349",755,36,16117,40.857663,-80.27534
"350",2250,18,16120,40.875943,-80.46851
"351",550,3,16123,40.821528,-80.19444
"352",25,1,16124,41.329301,-80.26042
"353",125,4,16125,41.403462,-80.37424
"354",3376,59,16127,41.169987,-80.08174
"355",80,3,16133,41.274408,-80.12409
"356",25,1,16134,41.506801,-80.46177
"357",445,10,16136,40.834903,-80.32428
"358",1025,15,16137,41.234591,-80.2364
"359",19250,14,16141,40.853014,-80.40181
"360",230,9,16142,41.135063,-80.33492
"361",25,1,16143,41.096535,-80.46266
"362",710,18,16146,41.230106,-80.49896
"363",2065,35,16148,41.232543,-80.45797
"364",570,14,16150,41.266185,-80.46312
"365",5,1,16153,41.335391,-80.08895
"366",50,2,16154,41.330028,-80.42771
"367",110,6,16157,40.889241,-80.34189
"368",225,6,16159,41.174066,-80.45319
"369",6925,102,16201,40.809467,-79.49922
"370",560,9,16214,41.199396,-79.37196
"371",40,2,16222,40.8739,-79.24188
"372",145,5,16226,40.747985,-79.51228
"373",160,7,16229,40.711528,-79.65608
"374",25,1,16230,41.020621,-79.27416
"375",210,8,16232,41.230562,-79.55397
"376",600,6,16233,41.361473,-79.27869
"377",95,4,16238,40.786362,-79.52164
"378",20,1,16239,41.496544,-79.13944
"379",135,5,16242,41.007757,-79.3461
"380",25,1,16248,41.039668,-79.50254
"381",25,1,16254,41.255691,-79.45122
"382",25,1,16256,40.854736,-79.13528
"383",25,1,16258,41.221629,-79.28293
"384",250,6,16259,40.90764,-79.45161
"385",2160,25,16262,40.839519,-79.65268
"386",275,11,16301,41.439658,-79.69044
"387",80,3,16316,41.607955,-80.29601
"388",100,1,16317,41.526679,-79.86027
"389",25,1,16323,41.407366,-79.83921
"390",3590,49,16335,41.637502,-80.15214
"391",85,2,16341,41.560056,-79.53852
"392",125,3,16346,41.378236,-79.6864
"393",150,3,16354,41.622203,-79.69298
"394",100,3,16364,41.369406,-79.51724
"395",25,1,16365,41.853225,-79.15521
"396",300,1,16407,41.919028,-79.65224
"397",50,2,16412,41.875896,-80.15129
"398",650,9,16415,42.035523,-80.23526
"399",25,1,16428,42.195488,-79.83296
"400",25,1,16502,42.110757,-80.10024
"401",5,1,16505,42.100307,-80.15552
"402",50,1,16506,42.072606,-80.14541
"403",390,9,16509,42.074056,-80.06927
"404",2809.22,34,16601,40.526319,-78.40082
"405",830,14,16602,40.50217,-78.39121
"406",250,5,16630,40.464754,-78.5885
"407",225,9,16635,40.419572,-78.44934
"408",600,5,16646,40.670162,-78.70932
"409",1693.5,30,16648,40.439272,-78.37421
"410",1300,10,16652,40.498403,-77.99417
"411",25,1,16662,40.306709,-78.31987
"412",175,5,16666,40.85258,-78.28335
"413",35,2,16683,40.662087,-78.07012
"414",125.5,5,16686,40.666444,-78.24353
"415",245,7,16801,40.792011,-77.84993
"416",1281.48,11,16803,40.802661,-77.89936
"417",50,2,16823,40.91255,-77.77387
"418",3579,38,16830,41.026239,-78.43838
"419",25,1,16833,40.948433,-78.55176
"420",75,3,16870,40.801396,-78.045
"421",25,1,17013,40.203458,-77.19987
"422",650,1,17101,40.261839,-76.88279
"423",1525,12,17111,40.264389,-76.80298
"424",50,2,17202,39.92,-77.71
"425",50,2,17228,39.995374,-78.09348
"426",50,2,17257,40.053308,-77.50622
"427",150,4,17325,39.827337,-77.22904
"428",50,1,17356,39.90035,-76.59778
"429",115,5,17512,40.037682,-76.49011
"430",25,1,17552,40.109445,-76.50919
"431",25,1,17579,39.9656,-76.17781
"432",25,1,17751,41.108454,-77.49516
"433",25,1,17822,40.967437,-76.604896
"434",50,1,18017,40.645665,-75.36926
"435",105,3,18020,40.656498,-75.32938
"436",25,1,18042,40.681798,-75.22082
"437",25,1,18052,40.651751,-75.49224
"438",30,1,18078,40.675741,-75.61626
"439",10,1,18080,40.739576,-75.62113
"440",25,1,18355,41.074757,-75.36259
"441",25,1,18901,40.317473,-75.12854
"442",250,1,18938,40.354735,-74.99319
"443",25,1,19002,40.169608,-75.21158
"444",505,2,19010,40.02371,-75.32764
"445",25,1,19027,40.072293,-75.12406
"446",25,1,19044,40.184758,-75.14386
"447",5,1,19064,39.929511,-75.33562
"448",150,3,19066,40.003762,-75.2493
"449",25,1,19073,39.98451,-75.41265
"450",435,3,19083,39.978728,-75.30861
"451",10,1,19087,40.058808,-75.40069
"452",25,1,19130,39.968262,-75.17222
"453",25,1,19146,39.938512,-75.18067
"454",180,1,19312,40.037958,-75.44986
"455",25,1,19403,40.146069,-75.38378
"456",50,1,19422,40.157526,-75.27816
"457",100,2,19606,40.327741,-75.87002
"458",30,2,19610,40.335023,-75.97099
"459",50,1,19803,39.793962,-75.53401
"460",400,4,19953,39.150822,-75.70428
"461",25,1,19966,38.601355,-75.2411
"462",10,1,19977,39.29799,-75.59391
"463",50,2,20002,38.901811,-76.99097
"464",25,1,20008,38.934866,-77.06039
"465",260,8,20011,38.95211,-77.02097
"466",25,1,20024,38.880112,-77.02362
"467",5,1,20169,38.860551,-77.64947
"468",25,1,20170,38.977109,-77.38527
"469",25,1,20175,39.080037,-77.58025
"470",350,5,20176,39.138978,-77.54519
"471",125,3,20190,38.959673,-77.3462
"472",25,1,20740,38.99756,-76.92577
"473",25,1,20785,38.920111,-76.889
"474",100,1,20817,38.996842,-77.13519
"475",25,1,20872,39.284185,-77.22752
"476",25,1,20879,39.168656,-77.18716
"477",680,4,21061,39.164158,-76.6306
"478",50,1,21087,39.444457,-76.40817
"479",25,1,21108,39.099957,-76.62114
"480",25,1,21120,39.656737,-76.66001
"481",25,1,21204,39.405606,-76.62648
"482",25,1,21223,39.286556,-76.64644
"483",25,1,21403,38.946462,-76.48358
"484",7950,34,21502,39.646587,-78.77398
"485",125,5,21536,39.675393,-79.17045
"486",50,2,21550,39.409861,-79.39015
"487",555,4,21740,39.633946,-77.73025
"488",25,1,21758,39.342991,-77.66014
"489",50,2,21774,39.408627,-77.28676
"490",25,1,22043,38.901311,-77.19777
"491",25,1,22101,38.93276,-77.1677
"492",10,1,22124,38.88619,-77.32402
"493",25,1,22201,38.885337,-77.09512
"494",280,7,22207,38.903697,-77.12749
"495",75,2,22734,38.52916,-77.80274
"496",12000,6,22844,38.652274,-78.66417
"497",25,1,22902,38.00847,-78.47803
"498",25,1,23112,37.427988,-77.64868
"499",10,1,23114,37.48,-77.65
"500",60,3,23228,37.621745,-77.48896
"501",100,3,23322,36.687543,-76.22905
"502",25,1,23452,36.839209,-76.09333
"503",740,7,23608,37.151315,-76.54812
"504",50,1,24471,38.310311,-78.80409
"505",25,1,25271,38.803814,-81.70763
"506",25,1,25314,38.335969,-81.66084
"507",1250,4,25411,39.567987,-78.22783
"508",25,1,25705,38.410745,-82.36995
"509",6009,85,26003,40.071472,-80.6868
"510",75,3,26034,40.609272,-80.55893
"511",350,2,26035,40.352943,-80.55585
"512",460,13,26037,40.330969,-80.58889
"513",25,1,26038,39.951586,-80.74994
"514",125,5,26041,39.912923,-80.73701
"515",20,1,26047,40.519953,-80.58925
"516",15,1,26055,39.768143,-80.79867
"517",115,5,26060,40.104818,-80.54634
"518",5622,72,26062,40.412067,-80.57542
"519",185,5,26070,40.266698,-80.59709
"520",105,3,26104,39.285724,-81.52639
"521",100,3,26105,39.323907,-81.54206
"522",2210,23,26155,39.646099,-80.83465
"523",25,1,26167,39.550395,-80.71163
"524",350,7,26201,38.997267,-80.20915
"525",500,11,26241,38.920042,-79.8446
"526",318.75,11,26301,39.281289,-80.34348
"527",4995,22,26302,39.26277,-80.30858
"528",1805,12,26330,39.296499,-80.24199
"529",225,4,26347,39.258358,-80.12604
"530",25,1,26378,39.106153,-80.42691
"531",125,4,26385,39.163304,-80.35527
"532",5,1,26426,39.284467,-80.57219
"533",1635,30,26501,39.628475,-79.98796
"534",915,13,26505,39.646497,-79.95154
"535",25,1,26507,39.680786,-79.836473
"536",1235,22,26508,39.61098,-79.89947
"537",25,1,26531,39.607447,-79.89012
"538",50,2,26537,39.472924,-79.69873
"539",410,15,26554,39.470949,-80.13936
"540",25,1,26571,39.513513,-80.25738
"541",25,1,27030,36.49376,-80.62336
"542",25,1,27409,36.083885,-79.94122
"543",25,1,27519,35.76812,-78.829548
"544",25,1,27614,35.939255,-78.60317
"545",1365,6,27932,36.093252,-76.62077
"546",10,1,28104,35.067285,-80.68424
"547",1640,8,28117,35.571827,-80.89228
"548",90,1,28209,35.178543,-80.85375
"549",10500,9,28211,35.170094,-80.79857
"550",25,1,28348,34.954709,-78.93744
"551",25,1,28358,34.620874,-78.98986
"552",150,2,28405,34.254235,-77.87251
"553",400,3,28466,34.738793,-77.97788
"554",300,6,28467,33.905566,-78.5759
"555",505,5,29016,34.200042,-80.98653
"556",25,1,29485,32.983408,-80.17627
"557",160,1,29576,33.568115,-79.03226
"558",75,3,29579,33.729439,-78.97824
"559",160,4,29585,33.467343,-79.1301
"560",100,1,29732,34.969427,-81.0509
"561",20000,4,29803,33.486049,-81.70946
"562",25,1,29910,32.241315,-80.87404
"563",194694,34,29928,32.159476,-80.75144
"564",75,3,30033,33.811354,-84.28335
"565",25,1,30064,33.946735,-84.602
"566",25,1,30075,34.049789,-84.38539
"567",25,1,30240,33.029838,-85.0745
"568",25,1,30319,33.872053,-84.33611
"569",25,1,32034,30.641487,-81.46092
"570",3,1,32068,30.074926,-81.87932
"571",25,1,32082,30.189934,-81.38213
"572",100,2,32127,29.116361,-80.98175
"573",25,1,32137,29.581683,-81.21645
"574",90,3,32162,28.945246,-81.987609
"575",100,1,32163,28.93,-81.95
"576",12030,29,32168,29.016897,-80.95736
"577",150,2,32169,28.998887,-80.87561
"578",25,1,32216,30.28374,-81.58359
"579",25,1,32720,29.021782,-81.33352
"580",300,6,32763,28.945857,-81.30512
"581",25,1,32765,28.656375,-81.21026
"582",225,3,32801,28.541879,-81.37446
"583",25,1,32803,28.557579,-81.35244
"584",25,1,32807,28.546897,-81.30774
"585",867,9,32821,28.391608,-81.47345
"586",100,3,32832,28.395979,-81.17653
"587",75,3,32837,28.385906,-81.41182
"588",300,6,32926,28.392933,-80.79585
"589",25,1,33015,25.938687,-80.3182
"590",75,3,33016,25.887983,-80.33284
"591",25,1,33040,24.567593,-81.7566
"592",25,1,33067,26.3007,-80.22727
"593",75,2,33071,26.242559,-80.26564
"594",100,2,33138,25.853184,-80.18622
"595",25,1,33328,26.062016,-80.27202
"596",15,1,33330,26.05479,-80.31581
"597",50,2,33410,26.839588,-80.08824
"598",200,7,33414,26.65671,-80.25377
"599",200,4,33418,26.877984,-80.16052
"600",5,1,33433,26.347711,-80.15648
"601",95,4,33434,26.382408,-80.16699
"602",25,1,33437,26.522249,-80.15031
"603",1225,10,33472,26.53,-80.19
"604",30,2,33483,26.465051,-80.06517
"605",150,3,33545,28.28,-82.29
"606",25,1,33572,27.771988,-82.41078
"607",25,1,33602,27.956149,-82.45723
"608",400,5,33626,28.052799,-82.61135
"609",200,2,33703,27.816977,-82.62795
"610",50,1,33905,26.680407,-81.74812
"611",2075,21,33908,26.502677,-81.93052
"612",25,1,34108,26.252711,-81.80825
"613",6146,24,34109,26.240637,-81.76663
"614",3100,13,34112,26.121546,-81.75251
"615",10,1,34119,26.256551,-81.7186
"616",325,6,34135,26.348523,-81.77391
"617",3930,20,34201,27.400627,-82.47104
"618",75,2,34203,27.448369,-82.52324
"619",250,1,34212,27.48,-82.57
"620",20755,11,34236,27.333014,-82.54613
"621",325,1,34242,27.275225,-82.54934
"622",1286,19,34293,27.055013,-82.3973
"623",20,1,34748,28.797245,-81.88466
"624",100,1,34986,27.341158,-80.39786
"625",25,1,35223,33.488355,-86.73402
"626",100,2,35242,33.409582,-86.69684
"627",25,1,37604,36.312633,-82.3802
"628",100,2,37774,35.725969,-84.33069
"629",25,1,40206,38.254671,-85.70254
"630",25,1,40245,38.270855,-85.48322
"631",150,6,40391,37.98223,-84.17023
"632",125,2,40591,38.028269,-84.471505
"633",39,1,41017,39.036361,-84.56801
"634",25,1,41635,37.509291,-82.63494
"635",100,2,43015,40.295925,-83.06968
"636",3840,9,43016,40.089811,-83.13983
"637",25,1,43017,40.109478,-83.12713
"638",500,9,43055,40.079115,-82.40054
"639",160,4,43068,39.956384,-82.7961
"640",25,1,43081,40.109513,-82.91606
"641",25,1,43085,40.097796,-83.02076
"642",25,1,43138,39.530972,-82.40801
"643",25,1,43201,39.990764,-83.00117
"644",25,1,43205,39.957265,-82.96587
"645",50,1,43209,39.958564,-82.92824
"646",3,1,43212,39.988114,-83.04268
"647",80,6,43215,39.965131,-83.00431
"648",500,6,43220,40.047273,-83.06986
"649",50,1,43221,40.02063,-83.07655
"650",25,1,43230,40.039963,-82.87855
"651",25,1,43616,41.646398,-83.46933
"652",25,1,43701,39.949377,-82.00492
"653",75,3,43713,39.989191,-81.17197
"654",25,1,43718,40.028171,-81.00679
"655",25,1,43725,40.025859,-81.59243
"656",225,3,43906,40.01558,-80.76343
"657",25,1,43910,40.361891,-80.81953
"658",275,10,43912,40.074284,-80.77447
"659",1936,10,43913,40.26212,-80.6356
"660",3275,57,43920,40.641545,-80.57469
"661",275,2,43933,39.938218,-80.89033
"662",7811.5,14,43935,40.103877,-80.73327
"663",318,8,43938,40.318569,-80.64172
"664",1395,10,43944,40.43273,-80.76692
"665",345,7,43950,40.086725,-80.90826
"666",8965,59,43952,40.371185,-80.63426
"667",3941,72,43953,40.369467,-80.70251
"668",201.5,5,43964,40.465183,-80.62364
"669",1435,3,43976,40.352364,-80.90465
"670",25,1,43977,40.147388,-81.11291
"671",235,4,43986,40.374942,-80.99193
"672",50,1,44001,41.386533,-82.23419
"673",80,2,44111,41.459399,-81.78174
"674",175,3,44113,41.484688,-81.70125
"675",20,2,44118,41.499202,-81.55434
"676",450,9,44120,41.472352,-81.58211
"677",25,1,44139,41.388387,-81.44365
"678",25,1,44145,41.454439,-81.92865
"679",25,1,44221,41.141456,-81.47928
"680",1010,5,44236,41.248795,-81.44679
"681",25,1,44240,41.148756,-81.35302
"682",980,6,44256,41.139849,-81.85646
"683",25,1,44278,41.093156,-81.42692
"684",10,1,44281,41.037664,-81.73368
"685",285,6,44321,41.102587,-81.65092
"686",25,1,44403,41.239987,-80.58346
"687",630,19,44406,41.029666,-80.76396
"688",25,1,44410,41.333312,-80.7264
"689",1925,20,44413,40.838456,-80.54601
"690",50,1,44417,41.428487,-80.65551
"691",50,2,44425,41.166743,-80.57733
"692",125,5,44432,40.757793,-80.7642
"693",125,3,44436,41.046606,-80.54145
"694",25,1,44442,40.966908,-80.55862
"695",30,3,44443,40.917556,-80.60039
"696",25,1,44444,41.188981,-80.96964
"697",25,1,44452,40.951859,-80.6549
"698",605,16,44460,40.898658,-80.86094
"699",75,3,44473,41.236248,-80.66265
"700",800,2,44509,41.106249,-80.69471
"701",25,1,44511,41.069158,-80.69134
"702",6875,25,44512,41.032675,-80.66467
"703",785,22,44514,41.016159,-80.61549
"704",75,3,44515,41.099008,-80.74545
"705",10,1,44609,40.898618,-80.99304
"706",25,1,44622,40.537509,-81.48791
"707",570,11,44646,40.805131,-81.50101
"708",25,1,44663,40.477187,-81.44439
"709",15,1,44667,40.835059,-81.77006
"710",20,1,44683,40.373604,-81.34146
"711",25,1,44695,40.433246,-81.18764
"712",25,1,44705,40.821858,-81.34253
"713",100,3,44709,40.836508,-81.38548
"714",50,2,44718,40.850683,-81.43773
"715",25,1,44813,40.606221,-82.52073
"716",25,1,45040,39.344258,-84.3152
"717",100,1,45208,39.13786,-84.43426
"718",25,1,45373,40.036525,-84.20629
"719",25,1,45429,39.687459,-84.15595
"720",75,1,45729,39.420916,-81.5936
"721",5,1,46062,40.05,-86.03
"722",25,1,46162,39.542985,-85.95928
"723",25,1,46574,41.472858,-86.49379
"724",25,1,46825,41.150677,-85.12181
"725",25,1,47274,38.958688,-85.89917
"726",25,1,48103,42.280887,-83.79147
"727",25,1,48104,42.266805,-83.72297
"728",10,1,48105,42.307288,-83.70443
"729",250,1,48124,42.294987,-83.25049
"730",25,1,48134,42.107026,-83.28711
"731",220,8,48823,42.747922,-84.47143
"732",650,8,49127,42.015092,-86.51351
"733",3.5,1,49512,42.888821,-85.5616
"734",25,1,49601,44.243788,-85.46006
"735",10,1,52060,42.087769,-90.67352
"736",25,1,53186,43.015289,-88.20924
"737",50,2,53202,43.046213,-87.9005
"738",150,1,53703,43.078646,-89.37727
"739",25,1,55121,44.844965,-93.14431
"740",1100,5,55364,44.933712,-93.66038
"741",50,1,55424,44.904414,-93.34045
"742",25,1,57401,45.46932,-98.49646
"743",25,1,60002,42.46617,-88.09995
"744",25,1,60031,42.375821,-87.93517
"745",25,1,60091,42.077178,-87.72373
"746",50,2,60514,41.779533,-87.95798
"747",25,1,60611,41.904667,-87.62504
"748",1100,8,60613,41.953256,-87.6629
"749",50,2,60647,41.921126,-87.70085
"750",25,1,60657,41.940832,-87.65852
"751",25,1,60660,41.990631,-87.6667
"752",25,1,64148,39.035038,-94.356728
"753",25,1,66208,38.999505,-94.63102
"754",225,9,66211,38.925159,-94.64136
"755",25,1,70065,30.022853,-90.25133
"756",25,1,70471,30.400949,-90.08105
"757",25,1,70508,30.163368,-92.01974
"758",25,1,72401,35.844795,-90.68443
"759",25,1,72712,36.362525,-94.23308
"760",25,1,75248,32.968123,-96.78863
"761",25,1,76262,33.000177,-97.21871
"762",25,1,76520,30.851922,-96.96323
"763",100,1,76549,31.084108,-97.79149
"764",25,1,77001,29.813142,-95.309789
"765",25,1,77023,29.725961,-95.3227
"766",25,1,77024,29.773994,-95.51771
"767",25,1,77040,29.878345,-95.53337
"768",250,2,77377,29.83399,-95.434241
"769",75,3,77380,30.143485,-95.46821
"770",100,2,77382,30.214741,-95.53212
"771",25,1,77573,29.502759,-95.08906
"772",300,3,77840,30.614647,-96.32641
"773",200,4,78130,29.699844,-98.10754
"774",100,2,78228,29.457281,-98.5665
"775",370,5,78664,30.514401,-97.65549
"776",10,1,78704,30.246309,-97.76087
"777",70,3,80118,39.206652,-104.90983
"778",375,10,82601,42.896822,-106.29799
"779",10,1,83301,42.530288,-114.47509
"780",25,1,84004,40.465161,-111.76279
"781",25,1,84065,40.503746,-111.96327
"782",25,1,84106,40.706246,-111.85657
"783",40,2,85022,33.630497,-112.0521
"784",175,7,85255,33.697268,-111.88321
"785",136,3,85266,33.276539,-112.18717
"786",25,1,85338,33.430922,-112.38482
"787",175,5,85374,33.643508,-112.38502
"788",50,2,85715,32.247175,-110.82864
"789",25,1,87114,35.196446,-106.67336
"790",25,1,87544,35.86849,-106.29536
"791",25,1,90025,34.045006,-118.44527
"792",25,1,90212,34.060859,-118.40191
"793",50,2,90262,33.924642,-118.20186
"794",25,1,91505,34.166906,-118.34366
"795",250,2,91604,34.143856,-118.39429
"796",25,1,92130,32.946776,-117.21918
"797",25,1,92203,33.75307,-116.24688
"798",25,1,92509,33.998751,-117.44695
"799",3.5,1,92614,33.680408,-117.82592
"800",25,1,92705,33.762117,-117.81828
"801",25,1,92868,33.787266,-117.87494
"802",2.75,1,93455,34.87455,-120.42806
"803",150,3,93906,36.709717,-121.63997
"804",25,1,93923,36.517261,-121.89436
"805",30,1,94107,37.766529,-122.39577
"806",5,1,94112,37.720931,-122.44241
"807",2820,9,94127,37.734964,-122.4597
"808",201,8,94306,37.419389,-122.13273
"809",550,4,94582,37.76,-121.93
"810",175,4,94588,37.68973,-121.89244
"811",10.5,1,94708,37.894625,-122.26372
"812",25,1,95008,37.278843,-121.95446
"813",25,1,95018,37.057708,-122.05967
"814",25,1,95125,37.295092,-121.89649
"815",25,1,95746,38.743811,-121.19013
"816",25,1,95818,38.556576,-121.49285
"817",360,2,95826,38.550098,-121.37492
"818",55,2,97007,45.469079,-122.85602
"819",25,1,98023,47.309021,-122.36178
"820",40,2,98053,47.640972,-122.03318
"821",25,1,98056,47.510739,-122.18372
"822",75,2,98058,47.448322,-122.14584
"823",25,1,98065,47.530639,-121.83053
"824",17.98,5,98102,47.63287,-122.32253
"825",25,1,98108,47.546188,-122.31514
"826",125,4,98155,47.753019,-122.30373
"827",25,1,98198,47.397521,-122.315
"828",25,1,98662,45.671806,-122.57894
